{
  "display": {
    "icon": {
      "id": "stone",
      "components": {
        "minecraft:item_model": "rotp:items/vibrant_dyes/vibrant_white_dye"
      }
    },
    "title": "Shine Bright like a Diamond",
    "description": "Craft ALL vibrant dyes",
    "frame": "challenge"
  },
  "parent": "rotp:core/pot/vibrant_visuals",
  "criteria": {
    "red": {
      "trigger": "minecraft:inventory_changed",
      "conditions": {
        "items": [
          {
            "predicates": {
              "minecraft:custom_data": {
                "vibrant_red_dye": true
              }
            }
          }
        ]
      }
    },
    "orange": {
      "trigger": "minecraft:inventory_changed",
      "conditions": {
        "items": [
          {
            "predicates": {
              "minecraft:custom_data": {
                "vibrant_orange_dye": true
              }
            }
          }
        ]
      }
    },
    "yellow": {
      "trigger": "minecraft:inventory_changed",
      "conditions": {
        "items": [
          {
            "predicates": {
              "minecraft:custom_data": {
                "vibrant_yellow_dye": true
              }
            }
          }
        ]
      }
    },
    "green": {
      "trigger": "minecraft:inventory_changed",
      "conditions": {
        "items": [
          {
            "predicates": {
              "minecraft:custom_data": {
                "vibrant_green_dye": true
              }
            }
          }
        ]
      }
    },
    "blue": {
      "trigger": "minecraft:inventory_changed",
      "conditions": {
        "items": [
          {
            "predicates": {
              "minecraft:custom_data": {
                "vibrant_blue_dye": true
              }
            }
          }
        ]
      }
    },
    "purple": {
      "trigger": "minecraft:inventory_changed",
      "conditions": {
        "items": [
          {
            "predicates": {
              "minecraft:custom_data": {
                "vibrant_purple_dye": true
              }
            }
          }
        ]
      }
    },
    "magenta": {
      "trigger": "minecraft:inventory_changed",
      "conditions": {
        "items": [
          {
            "predicates": {
              "minecraft:custom_data": {
                "vibrant_magenta_dye": true
              }
            }
          }
        ]
      }
    },
    "pink": {
      "trigger": "minecraft:inventory_changed",
      "conditions": {
        "items": [
          {
            "predicates": {
              "minecraft:custom_data": {
                "vibrant_pink_dye": true
              }
            }
          }
        ]
      }
    },
    "lime": {
      "trigger": "minecraft:inventory_changed",
      "conditions": {
        "items": [
          {
            "predicates": {
              "minecraft:custom_data": {
                "vibrant_lime_dye": true
              }
            }
          }
        ]
      }
    },
    "light_blue": {
      "trigger": "minecraft:inventory_changed",
      "conditions": {
        "items": [
          {
            "predicates": {
              "minecraft:custom_data": {
                "vibrant_light_blue_dye": true
              }
            }
          }
        ]
      }
    },
    "light_gray": {
      "trigger": "minecraft:inventory_changed",
      "conditions": {
        "items": [
          {
            "predicates": {
              "minecraft:custom_data": {
                "vibrant_light_gray_dye": true
              }
            }
          }
        ]
      }
    },
    "black": {
      "trigger": "minecraft:inventory_changed",
      "conditions": {
        "items": [
          {
            "predicates": {
              "minecraft:custom_data": {
                "vibrant_black_dye": true
              }
            }
          }
        ]
      }
    },
    "white": {
      "trigger": "minecraft:inventory_changed",
      "conditions": {
        "items": [
          {
            "predicates": {
              "minecraft:custom_data": {
                "vibrant_white_dye": true
              }
            }
          }
        ]
      }
    },
    "gray": {
      "trigger": "minecraft:inventory_changed",
      "conditions": {
        "items": [
          {
            "predicates": {
              "minecraft:custom_data": {
                "vibrant_gray_dye": true
              }
            }
          }
        ]
      }
    },
    "cyan": {
      "trigger": "minecraft:inventory_changed",
      "conditions": {
        "items": [
          {
            "predicates": {
              "minecraft:custom_data": {
                "vibrant_cyan_dye": true
              }
            }
          }
        ]
      }
    },
    "brown": {
      "trigger": "minecraft:inventory_changed",
      "conditions": {
        "items": [
          {
            "predicates": {
              "minecraft:custom_data": {
                "vibrant_brown_dye": true
              }
            }
          }
        ]
      }
    }
  },
  "requirements": [
    [
        "black"
    ],
        [
        "blue"
        ],
        [
        "cyan"
        ],
        [
        "gray"
        ],
        [
        "green"
        ],
        [
        "light_blue"
        ],
        [
        "light_gray"
        ],
        [
        "lime"
        ],
        [
        "magenta"
        ],
        [
        "orange"
        ],
        [
        "pink"
        ],
        [
        "purple"
        ],
        [
        "brown"
        ],
        [
        "red"
        ],
        [
        "white"
        ],
        [
        "yellow"
    ]
  ]
}