{
  "display": {
    "icon": {
      "id": "stone",
      "components": {
        "minecraft:item_model": "rotp:blocks/handheld/rune_stone"
      }
    },
    "title": "Stones of Power",
    "description": "Obtain Runestone!",
    "frame": "goal"
  },
  "parent": "rotp:core/core",
  "criteria": {
    "requirement": {
      "trigger": "minecraft:inventory_changed",
      "conditions": {
        "items": [
          {
            "predicates": {
              "minecraft:custom_data": {
                "runestone": true
              }
            }
          }
        ]
      }
    }
  }
}