{
  "name": "rotp:dig_site/desert/surface",
  "fallback": "minecraft:empty",
  "elements": [
    {
      "weight": 20,
      "element": {
        "element_type": "minecraft:single_pool_element",
        "location": "rotp:dig_site/desert/surface_connector",
        "processors": "minecraft:empty",
        "projection": "rigid"
      }
    },
    {
      "weight": 5,
      "element": {
        "element_type": "minecraft:single_pool_element",
        "location": "rotp:dig_site/desert/surface_connector_1",
        "processors": "minecraft:empty",
        "projection": "rigid"
      }
    },
    {
      "weight": 40,
      "element": {
        "element_type": "minecraft:single_pool_element",
        "location": "rotp:dig_site/desert/surface_connector_2",
        "processors": "minecraft:empty",
        "projection": "rigid"
      }
    },
    {
      "weight": 40,
      "element": {
        "element_type": "minecraft:single_pool_element",
        "location": "rotp:dig_site/desert/surface_connector_3",
        "processors": "minecraft:empty",
        "projection": "rigid"
      }
    },
    {
      "weight": 40,
      "element": {
        "element_type": "minecraft:single_pool_element",
        "location": "rotp:dig_site/desert/surface_connector_4",
        "processors": "minecraft:empty",
        "projection": "rigid"
      }
    },
    {
      "weight": 40,
      "element": {
        "element_type": "minecraft:single_pool_element",
        "location": "rotp:dig_site/desert/surface_connector_5",
        "processors": "minecraft:empty",
        "projection": "rigid"
      }
    },
    {
      "weight": 70,
      "element": {
        "element_type": "minecraft:empty_pool_element"
      }
    }
  ]
}