{
  "display": {
    "icon": {
      "id": "stone",
      "components": {
        "minecraft:item_model": "rotp:items/rune/hearty_rune"
      }
    },
    "title": "Runic",
    "description": "Obtain any rune from researching an ancient tablet!",
    "frame": "goal"
  },
  "parent": "rotp:core/research_workbench_obtain",
  "criteria": {
    "requirement": {
      "trigger": "minecraft:inventory_changed",
      "conditions": {
        "items": [
          {
            "predicates": {
              "minecraft:custom_data": {
                "valid_rune": true
              }
            }
          }
        ]
      }
    }
  }
}