{
  "condition": "minecraft:any_of",
  "terms": [
    {
    "condition": 
    "entity_properties",
    "entity": "this",
    "predicate": {
        "slots": {
            "weapon.*": {
                "components": {
                    "custom_data": {
                        "research_workbench_placable": true
                    }
                }
            }
        }
    }
},
{
    "condition": 
    "entity_properties",
    "entity": "this",
    "predicate": {
        "slots": {
            "weapon.*": {
                "components": {
                    "custom_data": {
                        "runic_altar_placable": true
                    }
                }
            }
        }
    }
},
{
    "condition": 
    "entity_properties",
    "entity": "this",
    "predicate": {
        "slots": {
            "weapon.*": {
                "components": {
                    "custom_data": {
                        "pottery_wheel_placable": true
                    }
                }
            }
        }
    }
},
{
    "condition": 
    "entity_properties",
    "entity": "this",
    "predicate": {
        "slots": {
            "weapon.*": {
                "components": {
                    "custom_data": {
                        "pedestal_placable": true
                    }
                }
            }
        }
    }
}
]
}