{
  "display": {
    "icon": {
      "id": "stone",
      "components": {
        "minecraft:item_model": "rotp:items/ancient_tablet"
      }
    },
    "title": "Ancient Artifacts",
    "description": "Uncover a Ancient relic from brushing suspicious blocks!",
    "frame": "goal"
  },
  "parent": "rotp:core/core",
  "criteria": {
    "requirement": {
      "trigger": "minecraft:inventory_changed",
      "conditions": {
        "items": [
          {
            "predicates": {
              "minecraft:custom_data": {
                "ancient_tablet": true
              }
            }
          }
        ]
      }
    }
  }
}