{
  "type": "archaeology",
  "pools": [
    {
      "rolls": 1,
      "entries": [
        {
          "type": "item",
          "weight": 20,
          "name": "minecraft:test_block",
          "functions": [
            {
              "function": "set_count",
              "count": 1
            },
            {
              "function": "set_components",
              "components": {
                "minecraft:custom_data": {
                  "ancient_tablet": true
                },
                "minecraft:item_model": "rotp:items/ancient_tablet"
              }
            },
            {
              "function": "set_name",
              "name": [
                {
                  "color": "white",
                  "text": "Ancient Tablet"
                }
              ],
              "target": "item_name"
            }
          ]
        },
        {
          "type": "minecraft:item",
          "name": "minecraft:cobweb",
          "weight": 25
        },
        {
          "type": "minecraft:item",
          "name": "minecraft:lapis_lazuli",
          "weight": 8,
          "functions": [
            {
              "function": "minecraft:set_count",
              "count": {
                "min": 1,
                "max": 4
              }
            }
          ]
        },
        {
          "type": "minecraft:loot_table",
          "value": "minecraft:archaeology/desert_pyramid",
          "weight": 50
        }
      ]
    }
  ]
}